Apple iPhone 11 (A2223) 128GB 白色 移动联通电信4G手机 双卡双待,5999.00
Apple iPhone 11 (A2223) 128GB 白色 移动联通电信4G手机 双卡双待,5999.00
Apple 苹果 iPhone 11 (A2223) 移动联通电信4G手机 双卡双待 白色 全网通 128GB,5899.00
Apple iPhone 11 (A2223) 双卡双待 移动联通电信4G苹果手机 白色 128GB,5899.00
苹果Apple iPhone 11 (A2223)移动联通电信4G手机 双卡双待全面屏 白色 128GB,6199.00
Apple iPhone 11 (A2223) 移动联通电信4G手机 双卡双待 白色 128GB,6099.00
Apple iPhone 11 (A2223) 移动联通电信4G手机 双卡双待 白色 128GB,5999.00
Apple iPhone 11 (A2223)   移动联通电信4G手机 双卡双待 白色 128GB,6199.00
Apple iPhone 11 (A2223)   移动电信联通4G手机 双卡双待 白色 128GB,5899.00
Apple iPhone 11 苹果11(A2223)  移动联通电信4G手机 双卡双待 白色 128GB,5959.00
Apple iPhone 11 (A2223) 双卡双待 移动联通电信4G苹果手机 白色 128G,5899.00
Apple iPhone 11 (A2223) 移动联通电信4G手机 双卡双待 白色 128G,5999.00
Apple 苹果 iPhone 11 (A2223) 移动联通电信4G手机 双卡双待 白色 全网通 128G,5899.00
苹果Apple iPhone11 (A2223) 移动联通电信全网通4G手机 双卡双待 新款苹果手机 白色 128G,6299.00
Apple 苹果 iPhone 11 (A2223) 全网通 移动联通电信4G手机 双卡双待 白色 全网通 128G,5766.00
拍拍【二手99成新】Apple iPhone 11 (A2223)  移动联通电信4G手机 双卡双待 白色 128G 全网通,5399.00
拍拍【全新未拆封】未激活 Apple iPhone 11 (A2223)移动联通电信4G手机 双卡双待 白色 128GB,5999.00
拍拍【准新机】Apple iPhone 11(A2223) 苹果11双卡双待 iPhone11二手手机 白色 128G全网通『赠苹果原装充电器』,5499.00
